Question,LocationDesc,DataValue
"Cancer of the colon and rectum (colorectal), incidence (per 100,000)",Alabama,843.8
"Cancer of the colon and rectum (colorectal), incidence (per 100,000)",Alaska,114.7
"Cancer of the colon and rectum (colorectal), incidence (per 100,000)",Arizona,846.3
"Cancer of the colon and rectum (colorectal), incidence (per 100,000)",Arkansas,514.4
"Cancer of the colon and rectum (colorectal), incidence (per 100,000)",California,4924.1
"Cancer of the colon and rectum (colorectal), incidence (per 100,000)",Colorado,597.9
"Cancer of the colon and rectum (colorectal), incidence (per 100,000)",Connecticut,616.6
"Cancer of the colon and rectum (colorectal), incidence (per 100,000)",Delaware,166.2
"Cancer of the colon and rectum (colorectal), incidence (per 100,000)",District of Columbia,115.2
"Cancer of the colon and rectum (colorectal), incidence (per 100,000)",Florida,3268.5
"Cancer of the colon and rectum (colorectal), incidence (per 100,000)",Georgia,1332.9
"Cancer of the colon and rectum (colorectal), incidence (per 100,000)",Hawaii,276.4
"Cancer of the colon and rectum (colorectal), incidence (per 100,000)",Idaho,230.8
"Cancer of the colon and rectum (colorectal), incidence (per 100,000)",Illinois,2153.5
"Cancer of the colon and rectum (colorectal), incidence (per 100,000)",Indiana,1082.6
"Cancer of the colon and rectum (colorectal), incidence (per 100,000)",Iowa,608.9
"Cancer of the colon and rectum (colorectal), incidence (per 100,000)",Kansas,480.7
"Cancer of the colon and rectum (colorectal), incidence (per 100,000)",Kentucky,860.1
"Cancer of the colon and rectum (colorectal), incidence (per 100,000)",Louisiana,828.9
"Cancer of the colon and rectum (colorectal), incidence (per 100,000)",Maine,264.7
"Cancer of the colon and rectum (colorectal), incidence (per 100,000)",Maryland,819.6
"Cancer of the colon and rectum (colorectal), incidence (per 100,000)",Massachusetts,1043.2
"Cancer of the colon and rectum (colorectal), incidence (per 100,000)",Michigan,1561.0
"Cancer of the colon and rectum (colorectal), incidence (per 100,000)",Minnesota,814.1
"Cancer of the colon and rectum (colorectal), incidence (per 100,000)",Mississippi,566.7
"Cancer of the colon and rectum (colorectal), incidence (per 100,000)",Missouri,1039.3
"Cancer of the colon and rectum (colorectal), incidence (per 100,000)",Montana,195.8
"Cancer of the colon and rectum (colorectal), incidence (per 100,000)",Nebraska,343.4
"Cancer of the colon and rectum (colorectal), incidence (per 100,000)",Nevada,1858.0
"Cancer of the colon and rectum (colorectal), incidence (per 100,000)",New Hampshire,228.7
"Cancer of the colon and rectum (colorectal), incidence (per 100,000)",New Jersey,1502.2
"Cancer of the colon and rectum (colorectal), incidence (per 100,000)",New Mexico,294.4
"Cancer of the colon and rectum (colorectal), incidence (per 100,000)",New York,3149.1
"Cancer of the colon and rectum (colorectal), incidence (per 100,000)",North Carolina,1383.1
"Cancer of the colon and rectum (colorectal), incidence (per 100,000)",North Dakota,158.9
"Cancer of the colon and rectum (colorectal), incidence (per 100,000)",Ohio,1943.6
"Cancer of the colon and rectum (colorectal), incidence (per 100,000)",Oklahoma,630.7
"Cancer of the colon and rectum (colorectal), incidence (per 100,000)",Oregon,587.4
"Cancer of the colon and rectum (colorectal), incidence (per 100,000)",Pennsylvania,2422.6
"Cancer of the colon and rectum (colorectal), incidence (per 100,000)",Rhode Island,197.7
"Cancer of the colon and rectum (colorectal), incidence (per 100,000)",South Carolina,733.1
"Cancer of the colon and rectum (colorectal), incidence (per 100,000)",South Dakota,180.1
"Cancer of the colon and rectum (colorectal), incidence (per 100,000)",Tennessee,1043.4
"Cancer of the colon and rectum (colorectal), incidence (per 100,000)",Texas,3117.7
"Cancer of the colon and rectum (colorectal), incidence (per 100,000)",United States,46840.1
"Cancer of the colon and rectum (colorectal), incidence (per 100,000)",Utah,258.6
"Cancer of the colon and rectum (colorectal), incidence (per 100,000)",Vermont,127.9
"Cancer of the colon and rectum (colorectal), incidence (per 100,000)",Virginia,1093.8
"Cancer of the colon and rectum (colorectal), incidence (per 100,000)",Washington,938.1
"Cancer of the colon and rectum (colorectal), incidence (per 100,000)",West Virginia,411.5
"Cancer of the colon and rectum (colorectal), incidence (per 100,000)",Wisconsin,900.5
"Cancer of the colon and rectum (colorectal), incidence (per 100,000)",Wyoming,104.4
"Cancer of the colon and rectum (colorectal), mortality (per 100,000)",Alabama,316.8
"Cancer of the colon and rectum (colorectal), mortality (per 100,000)",Alaska,35.7
"Cancer of the colon and rectum (colorectal), mortality (per 100,000)",Arizona,321.3
"Cancer of the colon and rectum (colorectal), mortality (per 100,000)",Arkansas,218.5
"Cancer of the colon and rectum (colorectal), mortality (per 100,000)",California,1737.7
"Cancer of the colon and rectum (colorectal), mortality (per 100,000)",Colorado,220.7
"Cancer of the colon and rectum (colorectal), mortality (per 100,000)",Connecticut,192.7
"Cancer of the colon and rectum (colorectal), mortality (per 100,000)",Delaware,61.1
"Cancer of the colon and rectum (colorectal), mortality (per 100,000)",District of Columbia,45.8
"Cancer of the colon and rectum (colorectal), mortality (per 100,000)",Florida,1232.3
"Cancer of the colon and rectum (colorectal), mortality (per 100,000)",Georgia,476.4
"Cancer of the colon and rectum (colorectal), mortality (per 100,000)",Hawaii,82.5
"Cancer of the colon and rectum (colorectal), mortality (per 100,000)",Idaho,82.2
"Cancer of the colon and rectum (colorectal), mortality (per 100,000)",Illinois,769.1
"Cancer of the colon and rectum (colorectal), mortality (per 100,000)",Indiana,403.3
"Cancer of the colon and rectum (colorectal), mortality (per 100,000)",Iowa,224.2
"Cancer of the colon and rectum (colorectal), mortality (per 100,000)",Kansas,174.9
"Cancer of the colon and rectum (colorectal), mortality (per 100,000)",Kentucky,298.6
"Cancer of the colon and rectum (colorectal), mortality (per 100,000)",Louisiana,300.2
"Cancer of the colon and rectum (colorectal), mortality (per 100,000)",Maine,99.0
"Cancer of the colon and rectum (colorectal), mortality (per 100,000)",Maryland,321.8
"Cancer of the colon and rectum (colorectal), mortality (per 100,000)",Massachusetts,379.4
"Cancer of the colon and rectum (colorectal), mortality (per 100,000)",Michigan,600.2
"Cancer of the colon and rectum (colorectal), mortality (per 100,000)",Minnesota,283.1
"Cancer of the colon and rectum (colorectal), mortality (per 100,000)",Mississippi,219.2
"Cancer of the colon and rectum (colorectal), mortality (per 100,000)",Missouri,394.3
"Cancer of the colon and rectum (colorectal), mortality (per 100,000)",Montana,68.2
"Cancer of the colon and rectum (colorectal), mortality (per 100,000)",Nebraska,129.8
"Cancer of the colon and rectum (colorectal), mortality (per 100,000)",Nevada,158.9
"Cancer of the colon and rectum (colorectal), mortality (per 100,000)",New Hampshire,83.0
"Cancer of the colon and rectum (colorectal), mortality (per 100,000)",New Jersey,556.6
"Cancer of the colon and rectum (colorectal), mortality (per 100,000)",New Mexico,119.2
"Cancer of the colon and rectum (colorectal), mortality (per 100,000)",New York,1117.1
"Cancer of the colon and rectum (colorectal), mortality (per 100,000)",North Carolina,508.8
"Cancer of the colon and rectum (colorectal), mortality (per 100,000)",North Dakota,56.2
"Cancer of the colon and rectum (colorectal), mortality (per 100,000)",Ohio,776.3
"Cancer of the colon and rectum (colorectal), mortality (per 100,000)",Oklahoma,252.3
"Cancer of the colon and rectum (colorectal), mortality (per 100,000)",Oregon,230.4
"Cancer of the colon and rectum (colorectal), mortality (per 100,000)",Pennsylvania,919.7
"Cancer of the colon and rectum (colorectal), mortality (per 100,000)",Rhode Island,77.3
"Cancer of the colon and rectum (colorectal), mortality (per 100,000)",South Carolina,286.3
"Cancer of the colon and rectum (colorectal), mortality (per 100,000)",South Dakota,63.6
"Cancer of the colon and rectum (colorectal), mortality (per 100,000)",Tennessee,418.3
"Cancer of the colon and rectum (colorectal), mortality (per 100,000)",Texas,1157.0
"Cancer of the colon and rectum (colorectal), mortality (per 100,000)",United States,17347.4
"Cancer of the colon and rectum (colorectal), mortality (per 100,000)",Utah,88.1
"Cancer of the colon and rectum (colorectal), mortality (per 100,000)",Vermont,47.8
"Cancer of the colon and rectum (colorectal), mortality (per 100,000)",Virginia,422.2
"Cancer of the colon and rectum (colorectal), mortality (per 100,000)",Washington,340.6
"Cancer of the colon and rectum (colorectal), mortality (per 100,000)",West Virginia,159.3
"Cancer of the colon and rectum (colorectal), mortality (per 100,000)",Wisconsin,329.1
"Cancer of the colon and rectum (colorectal), mortality (per 100,000)",Wyoming,39.9
"Cancer of the female breast, mortality (per 100,000)",Alabama,241.0
"Cancer of the female breast, mortality (per 100,000)",Alaska,32.4
"Cancer of the female breast, mortality (per 100,000)",Arizona,259.9
"Cancer of the female breast, mortality (per 100,000)",Arkansas,152.6
"Cancer of the female breast, mortality (per 100,000)",California,1454.4
"Cancer of the female breast, mortality (per 100,000)",Colorado,190.6
"Cancer of the female breast, mortality (per 100,000)",Connecticut,179.7
"Cancer of the female breast, mortality (per 100,000)",Delaware,59.2
"Cancer of the female breast, mortality (per 100,000)",District of Columbia,52.1
"Cancer of the female breast, mortality (per 100,000)",Florida,950.0
"Cancer of the female breast, mortality (per 100,000)",Georgia,408.2
"Cancer of the female breast, mortality (per 100,000)",Hawaii,53.2
"Cancer of the female breast, mortality (per 100,000)",Idaho,73.4
"Cancer of the female breast, mortality (per 100,000)",Illinois,607.7
"Cancer of the female breast, mortality (per 100,000)",Indiana,313.2
"Cancer of the female breast, mortality (per 100,000)",Iowa,157.1
"Cancer of the female breast, mortality (per 100,000)",Kansas,138.7
"Cancer of the female breast, mortality (per 100,000)",Kentucky,218.0
"Cancer of the female breast, mortality (per 100,000)",Louisiana,236.8
"Cancer of the female breast, mortality (per 100,000)",Maine,76.8
"Cancer of the female breast, mortality (per 100,000)",Maryland,291.1
"Cancer of the female breast, mortality (per 100,000)",Massachusetts,307.7
"Cancer of the female breast, mortality (per 100,000)",Michigan,500.3
"Cancer of the female breast, mortality (per 100,000)",Minnesota,231.4
"Cancer of the female breast, mortality (per 100,000)",Mississippi,159.8
"Cancer of the female breast, mortality (per 100,000)",Missouri,312.1
"Cancer of the female breast, mortality (per 100,000)",Montana,58.9
"Cancer of the female breast, mortality (per 100,000)",Nebraska,89.4
"Cancer of the female breast, mortality (per 100,000)",Nevada,126.0
"Cancer of the female breast, mortality (per 100,000)",New Hampshire,72.7
"Cancer of the female breast, mortality (per 100,000)",New Jersey,470.3
"Cancer of the female breast, mortality (per 100,000)",New Mexico,97.0
"Cancer of the female breast, mortality (per 100,000)",New York,908.1
"Cancer of the female breast, mortality (per 100,000)",North Carolina,441.1
"Cancer of the female breast, mortality (per 100,000)",North Dakota,45.1
"Cancer of the female breast, mortality (per 100,000)",Ohio,613.4
"Cancer of the female breast, mortality (per 100,000)",Oklahoma,190.6
"Cancer of the female breast, mortality (per 100,000)",Oregon,185.4
"Cancer of the female breast, mortality (per 100,000)",Pennsylvania,712.1
"Cancer of the female breast, mortality (per 100,000)",Rhode Island,62.6
"Cancer of the female breast, mortality (per 100,000)",South Carolina,237.7
"Cancer of the female breast, mortality (per 100,000)",South Dakota,52.5
"Cancer of the female breast, mortality (per 100,000)",Tennessee,310.9
"Cancer of the female breast, mortality (per 100,000)",Texas,899.6
"Cancer of the female breast, mortality (per 100,000)",United States,13638.6
"Cancer of the female breast, mortality (per 100,000)",Utah,92.4
"Cancer of the female breast, mortality (per 100,000)",Vermont,40.8
"Cancer of the female breast, mortality (per 100,000)",Virginia,370.6
"Cancer of the female breast, mortality (per 100,000)",Washington,278.2
"Cancer of the female breast, mortality (per 100,000)",West Virginia,115.2
"Cancer of the female breast, mortality (per 100,000)",Wisconsin,268.5
"Cancer of the female breast, mortality (per 100,000)",Wyoming,35.1
"Cancer of the female cervix, mortality (per 100,000)",Alabama,28.8
"Cancer of the female cervix, mortality (per 100,000)",Alaska,3.7
"Cancer of the female cervix, mortality (per 100,000)",Arizona,24.0
"Cancer of the female cervix, mortality (per 100,000)",Arkansas,20.7
"Cancer of the female cervix, mortality (per 100,000)",California,147.8
"Cancer of the female cervix, mortality (per 100,000)",Colorado,14.7
"Cancer of the female cervix, mortality (per 100,000)",Connecticut,13.2
"Cancer of the female cervix, mortality (per 100,000)",Delaware,6.1
"Cancer of the female cervix, mortality (per 100,000)",District of Columbia,4.9
"Cancer of the female cervix, mortality (per 100,000)",Florida,105.6
"Cancer of the female cervix, mortality (per 100,000)",Georgia,48.2
"Cancer of the female cervix, mortality (per 100,000)",Hawaii,6.0
"Cancer of the female cervix, mortality (per 100,000)",Idaho,6.3
"Cancer of the female cervix, mortality (per 100,000)",Illinois,63.4
"Cancer of the female cervix, mortality (per 100,000)",Indiana,31.0
"Cancer of the female cervix, mortality (per 100,000)",Iowa,12.4
"Cancer of the female cervix, mortality (per 100,000)",Kansas,11.0
"Cancer of the female cervix, mortality (per 100,000)",Kentucky,26.7
"Cancer of the female cervix, mortality (per 100,000)",Louisiana,26.4
"Cancer of the female cervix, mortality (per 100,000)",Maine,5.9
"Cancer of the female cervix, mortality (per 100,000)",Maryland,25.5
"Cancer of the female cervix, mortality (per 100,000)",Massachusetts,20.0
"Cancer of the female cervix, mortality (per 100,000)",Michigan,40.8
"Cancer of the female cervix, mortality (per 100,000)",Minnesota,15.4
"Cancer of the female cervix, mortality (per 100,000)",Mississippi,20.7
"Cancer of the female cervix, mortality (per 100,000)",Missouri,30.8
"Cancer of the female cervix, mortality (per 100,000)",Montana,4.1
"Cancer of the female cervix, mortality (per 100,000)",Nebraska,7.6
"Cancer of the female cervix, mortality (per 100,000)",Nevada,11.8
"Cancer of the female cervix, mortality (per 100,000)",New Hampshire,5.5
"Cancer of the female cervix, mortality (per 100,000)",New Jersey,43.1
"Cancer of the female cervix, mortality (per 100,000)",New Mexico,9.5
"Cancer of the female cervix, mortality (per 100,000)",New York,90.7
"Cancer of the female cervix, mortality (per 100,000)",North Carolina,39.4
"Cancer of the female cervix, mortality (per 100,000)",North Dakota,2.5
"Cancer of the female cervix, mortality (per 100,000)",Ohio,58.5
"Cancer of the female cervix, mortality (per 100,000)",Oklahoma,23.5
"Cancer of the female cervix, mortality (per 100,000)",Oregon,15.3
"Cancer of the female cervix, mortality (per 100,000)",Pennsylvania,56.9
"Cancer of the female cervix, mortality (per 100,000)",Rhode Island,4.0
"Cancer of the female cervix, mortality (per 100,000)",South Carolina,25.9
"Cancer of the female cervix, mortality (per 100,000)",South Dakota,4.5
"Cancer of the female cervix, mortality (per 100,000)",Tennessee,34.6
"Cancer of the female cervix, mortality (per 100,000)",Texas,117.5
"Cancer of the female cervix, mortality (per 100,000)",United States,1336.3
"Cancer of the female cervix, mortality (per 100,000)",Utah,5.8
"Cancer of the female cervix, mortality (per 100,000)",Vermont,2.6
"Cancer of the female cervix, mortality (per 100,000)",Virginia,29.3
"Cancer of the female cervix, mortality (per 100,000)",Washington,23.9
"Cancer of the female cervix, mortality (per 100,000)",West Virginia,14.4
"Cancer of the female cervix, mortality (per 100,000)",Wisconsin,17.4
"Cancer of the female cervix, mortality (per 100,000)",Wyoming,4.6
"Cancer of the lung and bronchus, incidence (per 100,000)",Alabama,1398.3
"Cancer of the lung and bronchus, incidence (per 100,000)",Alaska,155.1
"Cancer of the lung and bronchus, incidence (per 100,000)",Arizona,1274.4
"Cancer of the lung and bronchus, incidence (per 100,000)",Arkansas,928.8
"Cancer of the lung and bronchus, incidence (per 100,000)",California,5742.0
"Cancer of the lung and bronchus, incidence (per 100,000)",Colorado,778.3
"Cancer of the lung and bronchus, incidence (per 100,000)",Connecticut,930.0
"Cancer of the lung and bronchus, incidence (per 100,000)",Delaware,304.0
"Cancer of the lung and bronchus, incidence (per 100,000)",District of Columbia,155.0
"Cancer of the lung and bronchus, incidence (per 100,000)",Florida,5521.5
"Cancer of the lung and bronchus, incidence (per 100,000)",Georgia,2132.4
"Cancer of the lung and bronchus, incidence (per 100,000)",Hawaii,290.3
"Cancer of the lung and bronchus, incidence (per 100,000)",Idaho,316.8
"Cancer of the lung and bronchus, incidence (per 100,000)",Illinois,3162.1
"Cancer of the lung and bronchus, incidence (per 100,000)",Indiana,1813.9
"Cancer of the lung and bronchus, incidence (per 100,000)",Iowa,845.7
"Cancer of the lung and bronchus, incidence (per 100,000)",Kansas,696.2
"Cancer of the lung and bronchus, incidence (per 100,000)",Kentucky,1660.2
"Cancer of the lung and bronchus, incidence (per 100,000)",Louisiana,1211.0
"Cancer of the lung and bronchus, incidence (per 100,000)",Maine,490.9
"Cancer of the lung and bronchus, incidence (per 100,000)",Maryland,1264.4
"Cancer of the lung and bronchus, incidence (per 100,000)",Massachusetts,1732.9
"Cancer of the lung and bronchus, incidence (per 100,000)",Michigan,2661.8
"Cancer of the lung and bronchus, incidence (per 100,000)",Minnesota,1089.6
"Cancer of the lung and bronchus, incidence (per 100,000)",Mississippi,885.7
"Cancer of the lung and bronchus, incidence (per 100,000)",Missouri,1799.9
"Cancer of the lung and bronchus, incidence (per 100,000)",Montana,279.0
"Cancer of the lung and bronchus, incidence (per 100,000)",Nebraska,436.3
"Cancer of the lung and bronchus, incidence (per 100,000)",Nevada,2829.0
"Cancer of the lung and bronchus, incidence (per 100,000)",New Hampshire,396.9
"Cancer of the lung and bronchus, incidence (per 100,000)",New Jersey,2009.4
"Cancer of the lung and bronchus, incidence (per 100,000)",New Mexico,351.3
"Cancer of the lung and bronchus, incidence (per 100,000)",New York,4586.7
"Cancer of the lung and bronchus, incidence (per 100,000)",North Carolina,2529.1
"Cancer of the lung and bronchus, incidence (per 100,000)",North Dakota,184.0
"Cancer of the lung and bronchus, incidence (per 100,000)",Ohio,3252.6
"Cancer of the lung and bronchus, incidence (per 100,000)",Oklahoma,1067.8
"Cancer of the lung and bronchus, incidence (per 100,000)",Oregon,940.0
"Cancer of the lung and bronchus, incidence (per 100,000)",Pennsylvania,3592.9
"Cancer of the lung and bronchus, incidence (per 100,000)",Rhode Island,341.3
"Cancer of the lung and bronchus, incidence (per 100,000)",South Carolina,1277.4
"Cancer of the lung and bronchus, incidence (per 100,000)",South Dakota,223.1
"Cancer of the lung and bronchus, incidence (per 100,000)",Tennessee,1914.8
"Cancer of the lung and bronchus, incidence (per 100,000)",Texas,4382.3
"Cancer of the lung and bronchus, incidence (per 100,000)",United States,71315.0
"Cancer of the lung and bronchus, incidence (per 100,000)",Utah,220.2
"Cancer of the lung and bronchus, incidence (per 100,000)",Vermont,223.3
"Cancer of the lung and bronchus, incidence (per 100,000)",Virginia,1808.6
"Cancer of the lung and bronchus, incidence (per 100,000)",Washington,1470.4
"Cancer of the lung and bronchus, incidence (per 100,000)",West Virginia,733.8
"Cancer of the lung and bronchus, incidence (per 100,000)",Wisconsin,1369.5
"Cancer of the lung and bronchus, incidence (per 100,000)",Wyoming,134.5
"Cancer of the lung and bronchus, mortality (per 100,000)",Alabama,1096.8
"Cancer of the lung and bronchus, mortality (per 100,000)",Alaska,115.5
"Cancer of the lung and bronchus, mortality (per 100,000)",Arizona,932.6
"Cancer of the lung and bronchus, mortality (per 100,000)",Arkansas,761.6
"Cancer of the lung and bronchus, mortality (per 100,000)",California,4316.2
"Cancer of the lung and bronchus, mortality (per 100,000)",Colorado,559.1
"Cancer of the lung and bronchus, mortality (per 100,000)",Connecticut,613.9
"Cancer of the lung and bronchus, mortality (per 100,000)",Delaware,228.8
"Cancer of the lung and bronchus, mortality (per 100,000)",District of Columbia,110.1
"Cancer of the lung and bronchus, mortality (per 100,000)",Florida,4014.9
"Cancer of the lung and bronchus, mortality (per 100,000)",Georgia,1522.7
"Cancer of the lung and bronchus, mortality (per 100,000)",Hawaii,203.3
"Cancer of the lung and bronchus, mortality (per 100,000)",Idaho,234.6
"Cancer of the lung and bronchus, mortality (per 100,000)",Illinois,2261.9
"Cancer of the lung and bronchus, mortality (per 100,000)",Indiana,1386.0
"Cancer of the lung and bronchus, mortality (per 100,000)",Iowa,619.7
"Cancer of the lung and bronchus, mortality (per 100,000)",Kansas,543.5
"Cancer of the lung and bronchus, mortality (per 100,000)",Kentucky,1197.4
"Cancer of the lung and bronchus, mortality (per 100,000)",Louisiana,944.5
"Cancer of the lung and bronchus, mortality (per 100,000)",Maine,353.4
"Cancer of the lung and bronchus, mortality (per 100,000)",Maryland,957.8
"Cancer of the lung and bronchus, mortality (per 100,000)",Massachusetts,1203.4
"Cancer of the lung and bronchus, mortality (per 100,000)",Michigan,2006.0
"Cancer of the lung and bronchus, mortality (per 100,000)",Minnesota,819.1
"Cancer of the lung and bronchus, mortality (per 100,000)",Mississippi,690.3
"Cancer of the lung and bronchus, mortality (per 100,000)",Missouri,1342.1
"Cancer of the lung and bronchus, mortality (per 100,000)",Montana,203.3
"Cancer of the lung and bronchus, mortality (per 100,000)",Nebraska,328.7
"Cancer of the lung and bronchus, mortality (per 100,000)",Nevada,468.6
"Cancer of the lung and bronchus, mortality (per 100,000)",New Hampshire,279.8
"Cancer of the lung and bronchus, mortality (per 100,000)",New Jersey,1414.1
"Cancer of the lung and bronchus, mortality (per 100,000)",New Mexico,269.1
"Cancer of the lung and bronchus, mortality (per 100,000)",New York,3070.3
"Cancer of the lung and bronchus, mortality (per 100,000)",North Carolina,1854.7
"Cancer of the lung and bronchus, mortality (per 100,000)",North Dakota,137.9
"Cancer of the lung and bronchus, mortality (per 100,000)",Ohio,2514.2
"Cancer of the lung and bronchus, mortality (per 100,000)",Oklahoma,848.7
"Cancer of the lung and bronchus, mortality (per 100,000)",Oregon,725.8
"Cancer of the lung and bronchus, mortality (per 100,000)",Pennsylvania,2630.3
"Cancer of the lung and bronchus, mortality (per 100,000)",Rhode Island,246.2
"Cancer of the lung and bronchus, mortality (per 100,000)",South Carolina,965.1
"Cancer of the lung and bronchus, mortality (per 100,000)",South Dakota,176.3
"Cancer of the lung and bronchus, mortality (per 100,000)",Tennessee,1495.3
"Cancer of the lung and bronchus, mortality (per 100,000)",Texas,3234.6
"Cancer of the lung and bronchus, mortality (per 100,000)",United States,52652.4
"Cancer of the lung and bronchus, mortality (per 100,000)",Utah,155.0
"Cancer of the lung and bronchus, mortality (per 100,000)",Vermont,161.9
"Cancer of the lung and bronchus, mortality (per 100,000)",Virginia,1362.5
"Cancer of the lung and bronchus, mortality (per 100,000)",Washington,1086.9
"Cancer of the lung and bronchus, mortality (per 100,000)",West Virginia,552.8
"Cancer of the lung and bronchus, mortality (per 100,000)",Wisconsin,1020.3
"Cancer of the lung and bronchus, mortality (per 100,000)",Wyoming,103.9
"Cancer of the oral cavity and pharynx, mortality (per 100,000)",Alabama,51.3
"Cancer of the oral cavity and pharynx, mortality (per 100,000)",Alaska,5.3
"Cancer of the oral cavity and pharynx, mortality (per 100,000)",Arizona,48.4
"Cancer of the oral cavity and pharynx, mortality (per 100,000)",Arkansas,36.5
"Cancer of the oral cavity and pharynx, mortality (per 100,000)",California,305.6
"Cancer of the oral cavity and pharynx, mortality (per 100,000)",Colorado,32.9
"Cancer of the oral cavity and pharynx, mortality (per 100,000)",Connecticut,29.4
"Cancer of the oral cavity and pharynx, mortality (per 100,000)",Delaware,11.6
"Cancer of the oral cavity and pharynx, mortality (per 100,000)",District of Columbia,9.4
"Cancer of the oral cavity and pharynx, mortality (per 100,000)",Florida,223.7
"Cancer of the oral cavity and pharynx, mortality (per 100,000)",Georgia,80.0
"Cancer of the oral cavity and pharynx, mortality (per 100,000)",Hawaii,15.9
"Cancer of the oral cavity and pharynx, mortality (per 100,000)",Idaho,15.4
"Cancer of the oral cavity and pharynx, mortality (per 100,000)",Illinois,113.0
"Cancer of the oral cavity and pharynx, mortality (per 100,000)",Indiana,58.3
"Cancer of the oral cavity and pharynx, mortality (per 100,000)",Iowa,28.6
"Cancer of the oral cavity and pharynx, mortality (per 100,000)",Kansas,22.8
"Cancer of the oral cavity and pharynx, mortality (per 100,000)",Kentucky,48.3
"Cancer of the oral cavity and pharynx, mortality (per 100,000)",Louisiana,54.6
"Cancer of the oral cavity and pharynx, mortality (per 100,000)",Maine,17.8
"Cancer of the oral cavity and pharynx, mortality (per 100,000)",Maryland,50.0
"Cancer of the oral cavity and pharynx, mortality (per 100,000)",Massachusetts,65.5
"Cancer of the oral cavity and pharynx, mortality (per 100,000)",Michigan,98.1
"Cancer of the oral cavity and pharynx, mortality (per 100,000)",Minnesota,40.4
"Cancer of the oral cavity and pharynx, mortality (per 100,000)",Mississippi,42.2
"Cancer of the oral cavity and pharynx, mortality (per 100,000)",Missouri,59.1
"Cancer of the oral cavity and pharynx, mortality (per 100,000)",Montana,9.8
"Cancer of the oral cavity and pharynx, mortality (per 100,000)",Nebraska,18.8
"Cancer of the oral cavity and pharynx, mortality (per 100,000)",Nevada,23.3
"Cancer of the oral cavity and pharynx, mortality (per 100,000)",New Hampshire,14.1
"Cancer of the oral cavity and pharynx, mortality (per 100,000)",New Jersey,71.2
"Cancer of the oral cavity and pharynx, mortality (per 100,000)",New Mexico,19.3
"Cancer of the oral cavity and pharynx, mortality (per 100,000)",New York,162.6
"Cancer of the oral cavity and pharynx, mortality (per 100,000)",North Carolina,92.5
"Cancer of the oral cavity and pharynx, mortality (per 100,000)",North Dakota,6.8
"Cancer of the oral cavity and pharynx, mortality (per 100,000)",Ohio,117.2
"Cancer of the oral cavity and pharynx, mortality (per 100,000)",Oklahoma,39.2
"Cancer of the oral cavity and pharynx, mortality (per 100,000)",Oregon,37.0
"Cancer of the oral cavity and pharynx, mortality (per 100,000)",Pennsylvania,119.7
"Cancer of the oral cavity and pharynx, mortality (per 100,000)",Rhode Island,9.8
"Cancer of the oral cavity and pharynx, mortality (per 100,000)",South Carolina,53.4
"Cancer of the oral cavity and pharynx, mortality (per 100,000)",South Dakota,8.2
"Cancer of the oral cavity and pharynx, mortality (per 100,000)",Tennessee,74.5
"Cancer of the oral cavity and pharynx, mortality (per 100,000)",Texas,198.9
"Cancer of the oral cavity and pharynx, mortality (per 100,000)",United States,2801.4
"Cancer of the oral cavity and pharynx, mortality (per 100,000)",Utah,11.9
"Cancer of the oral cavity and pharynx, mortality (per 100,000)",Vermont,8.6
"Cancer of the oral cavity and pharynx, mortality (per 100,000)",Virginia,66.6
"Cancer of the oral cavity and pharynx, mortality (per 100,000)",Washington,72.3
"Cancer of the oral cavity and pharynx, mortality (per 100,000)",West Virginia,23.7
"Cancer of the oral cavity and pharynx, mortality (per 100,000)",Wisconsin,56.5
"Cancer of the oral cavity and pharynx, mortality (per 100,000)",Wyoming,7.6
"Cancer of the prostate, mortality (per 100,000)",Alabama,189.6
"Cancer of the prostate, mortality (per 100,000)",Alaska,23.8
"Cancer of the prostate, mortality (per 100,000)",Arizona,202.8
"Cancer of the prostate, mortality (per 100,000)",Arkansas,113.1
"Cancer of the prostate, mortality (per 100,000)",California,1029.2
"Cancer of the prostate, mortality (per 100,000)",Colorado,147.5
"Cancer of the prostate, mortality (per 100,000)",Connecticut,128.4
"Cancer of the prostate, mortality (per 100,000)",Delaware,45.2
"Cancer of the prostate, mortality (per 100,000)",District of Columbia,44.9
"Cancer of the prostate, mortality (per 100,000)",Florida,709.1
"Cancer of the prostate, mortality (per 100,000)",Georgia,263.5
"Cancer of the prostate, mortality (per 100,000)",Hawaii,45.0
"Cancer of the prostate, mortality (per 100,000)",Idaho,68.4
"Cancer of the prostate, mortality (per 100,000)",Illinois,400.6
"Cancer of the prostate, mortality (per 100,000)",Indiana,209.5
"Cancer of the prostate, mortality (per 100,000)",Iowa,120.6
"Cancer of the prostate, mortality (per 100,000)",Kansas,94.9
"Cancer of the prostate, mortality (per 100,000)",Kentucky,137.3
"Cancer of the prostate, mortality (per 100,000)",Louisiana,155.4
"Cancer of the prostate, mortality (per 100,000)",Maine,62.4
"Cancer of the prostate, mortality (per 100,000)",Maryland,184.6
"Cancer of the prostate, mortality (per 100,000)",Massachusetts,217.9
"Cancer of the prostate, mortality (per 100,000)",Michigan,315.7
"Cancer of the prostate, mortality (per 100,000)",Minnesota,189.1
"Cancer of the prostate, mortality (per 100,000)",Mississippi,125.7
"Cancer of the prostate, mortality (per 100,000)",Missouri,190.0
"Cancer of the prostate, mortality (per 100,000)",Montana,55.4
"Cancer of the prostate, mortality (per 100,000)",Nebraska,76.2
"Cancer of the prostate, mortality (per 100,000)",Nevada,86.2
"Cancer of the prostate, mortality (per 100,000)",New Hampshire,53.9
"Cancer of the prostate, mortality (per 100,000)",New Jersey,274.9
"Cancer of the prostate, mortality (per 100,000)",New Mexico,78.0
"Cancer of the prostate, mortality (per 100,000)",New York,594.4
"Cancer of the prostate, mortality (per 100,000)",North Carolina,305.1
"Cancer of the prostate, mortality (per 100,000)",North Dakota,41.1
"Cancer of the prostate, mortality (per 100,000)",Ohio,399.8
"Cancer of the prostate, mortality (per 100,000)",Oklahoma,134.3
"Cancer of the prostate, mortality (per 100,000)",Oregon,156.5
"Cancer of the prostate, mortality (per 100,000)",Pennsylvania,471.1
"Cancer of the prostate, mortality (per 100,000)",Rhode Island,49.2
"Cancer of the prostate, mortality (per 100,000)",South Carolina,172.8
"Cancer of the prostate, mortality (per 100,000)",South Dakota,42.2
"Cancer of the prostate, mortality (per 100,000)",Tennessee,206.1
"Cancer of the prostate, mortality (per 100,000)",Texas,550.2
"Cancer of the prostate, mortality (per 100,000)",United States,9369.0
"Cancer of the prostate, mortality (per 100,000)",Utah,77.8
"Cancer of the prostate, mortality (per 100,000)",Vermont,37.0
"Cancer of the prostate, mortality (per 100,000)",Virginia,241.0
"Cancer of the prostate, mortality (per 100,000)",Washington,219.9
"Cancer of the prostate, mortality (per 100,000)",West Virginia,77.0
"Cancer of the prostate, mortality (per 100,000)",Wisconsin,216.5
"Cancer of the prostate, mortality (per 100,000)",Wyoming,28.3
"Fecal occult blood test, sigmoidoscopy, or colonoscopy among adults aged 50-75 years (%)",Alabama,57.9
"Fecal occult blood test, sigmoidoscopy, or colonoscopy among adults aged 50-75 years (%)",Alaska,59.1
"Fecal occult blood test, sigmoidoscopy, or colonoscopy among adults aged 50-75 years (%)",Arizona,59.5
"Fecal occult blood test, sigmoidoscopy, or colonoscopy among adults aged 50-75 years (%)",Arkansas,59.1
"Fecal occult blood test, sigmoidoscopy, or colonoscopy among adults aged 50-75 years (%)",California,60.9
"Fecal occult blood test, sigmoidoscopy, or colonoscopy among adults aged 50-75 years (%)",Colorado,63.2
"Fecal occult blood test, sigmoidoscopy, or colonoscopy among adults aged 50-75 years (%)",Connecticut,68.1
"Fecal occult blood test, sigmoidoscopy, or colonoscopy among adults aged 50-75 years (%)",Delaware,66.5
"Fecal occult blood test, sigmoidoscopy, or colonoscopy among adults aged 50-75 years (%)",District of Columbia,63.1
"Fecal occult blood test, sigmoidoscopy, or colonoscopy among adults aged 50-75 years (%)",Florida,60.8
"Fecal occult blood test, sigmoidoscopy, or colonoscopy among adults aged 50-75 years (%)",Georgia,59.6
"Fecal occult blood test, sigmoidoscopy, or colonoscopy among adults aged 50-75 years (%)",Guam,43.2
"Fecal occult blood test, sigmoidoscopy, or colonoscopy among adults aged 50-75 years (%)",Hawaii,65.2
"Fecal occult blood test, sigmoidoscopy, or colonoscopy among adults aged 50-75 years (%)",Idaho,56.8
"Fecal occult blood test, sigmoidoscopy, or colonoscopy among adults aged 50-75 years (%)",Illinois,58.2
"Fecal occult blood test, sigmoidoscopy, or colonoscopy among adults aged 50-75 years (%)",Indiana,57.0
"Fecal occult blood test, sigmoidoscopy, or colonoscopy among adults aged 50-75 years (%)",Iowa,62.7
"Fecal occult blood test, sigmoidoscopy, or colonoscopy among adults aged 50-75 years (%)",Kansas,57.8
"Fecal occult blood test, sigmoidoscopy, or colonoscopy among adults aged 50-75 years (%)",Kentucky,60.4
"Fecal occult blood test, sigmoidoscopy, or colonoscopy among adults aged 50-75 years (%)",Louisiana,58.2
"Fecal occult blood test, sigmoidoscopy, or colonoscopy among adults aged 50-75 years (%)",Maine,69.5
"Fecal occult blood test, sigmoidoscopy, or colonoscopy among adults aged 50-75 years (%)",Maryland,67.6
"Fecal occult blood test, sigmoidoscopy, or colonoscopy among adults aged 50-75 years (%)",Massachusetts,69.6
"Fecal occult blood test, sigmoidoscopy, or colonoscopy among adults aged 50-75 years (%)",Michigan,65.5
"Fecal occult blood test, sigmoidoscopy, or colonoscopy among adults aged 50-75 years (%)",Minnesota,64.9
"Fecal occult blood test, sigmoidoscopy, or colonoscopy among adults aged 50-75 years (%)",Mississippi,57.1
"Fecal occult blood test, sigmoidoscopy, or colonoscopy among adults aged 50-75 years (%)",Missouri,59.8
"Fecal occult blood test, sigmoidoscopy, or colonoscopy among adults aged 50-75 years (%)",Montana,56.6
"Fecal occult blood test, sigmoidoscopy, or colonoscopy among adults aged 50-75 years (%)",Nebraska,58.1
"Fecal occult blood test, sigmoidoscopy, or colonoscopy among adults aged 50-75 years (%)",Nevada,54.7
"Fecal occult blood test, sigmoidoscopy, or colonoscopy among adults aged 50-75 years (%)",New Hampshire,68.4
"Fecal occult blood test, sigmoidoscopy, or colonoscopy among adults aged 50-75 years (%)",New Jersey,60.5
"Fecal occult blood test, sigmoidoscopy, or colonoscopy among adults aged 50-75 years (%)",New Mexico,59.8
"Fecal occult blood test, sigmoidoscopy, or colonoscopy among adults aged 50-75 years (%)",New York,64.0
"Fecal occult blood test, sigmoidoscopy, or colonoscopy among adults aged 50-75 years (%)",North Carolina,62.4
"Fecal occult blood test, sigmoidoscopy, or colonoscopy among adults aged 50-75 years (%)",North Dakota,57.8
"Fecal occult blood test, sigmoidoscopy, or colonoscopy among adults aged 50-75 years (%)",Ohio,60.0
"Fecal occult blood test, sigmoidoscopy, or colonoscopy among adults aged 50-75 years (%)",Oklahoma,53.8
"Fecal occult blood test, sigmoidoscopy, or colonoscopy among adults aged 50-75 years (%)",Oregon,59.3
"Fecal occult blood test, sigmoidoscopy, or colonoscopy among adults aged 50-75 years (%)",Pennsylvania,61.1
"Fecal occult blood test, sigmoidoscopy, or colonoscopy among adults aged 50-75 years (%)",Puerto Rico,51.2
"Fecal occult blood test, sigmoidoscopy, or colonoscopy among adults aged 50-75 years (%)",Rhode Island,68.1
"Fecal occult blood test, sigmoidoscopy, or colonoscopy among adults aged 50-75 years (%)",South Carolina,59.7
"Fecal occult blood test, sigmoidoscopy, or colonoscopy among adults aged 50-75 years (%)",South Dakota,63.2
"Fecal occult blood test, sigmoidoscopy, or colonoscopy among adults aged 50-75 years (%)",Tennessee,62.1
"Fecal occult blood test, sigmoidoscopy, or colonoscopy among adults aged 50-75 years (%)",Texas,57.7
"Fecal occult blood test, sigmoidoscopy, or colonoscopy among adults aged 50-75 years (%)",United States,63.2
"Fecal occult blood test, sigmoidoscopy, or colonoscopy among adults aged 50-75 years (%)",Utah,62.4
"Fecal occult blood test, sigmoidoscopy, or colonoscopy among adults aged 50-75 years (%)",Vermont,67.0
"Fecal occult blood test, sigmoidoscopy, or colonoscopy among adults aged 50-75 years (%)",Virgin Islands,61.0
"Fecal occult blood test, sigmoidoscopy, or colonoscopy among adults aged 50-75 years (%)",Virginia,65.7
"Fecal occult blood test, sigmoidoscopy, or colonoscopy among adults aged 50-75 years (%)",Washington,63.6
"Fecal occult blood test, sigmoidoscopy, or colonoscopy among adults aged 50-75 years (%)",West Virginia,60.8
"Fecal occult blood test, sigmoidoscopy, or colonoscopy among adults aged 50-75 years (%)",Wisconsin,70.3
"Fecal occult blood test, sigmoidoscopy, or colonoscopy among adults aged 50-75 years (%)",Wyoming,53.3
"Invasive cancer (all sites combined), incidence (per 100,000)",Alabama,8644.2
"Invasive cancer (all sites combined), incidence (per 100,000)",Alaska,1147.3
"Invasive cancer (all sites combined), incidence (per 100,000)",Arizona,9291.9
"Invasive cancer (all sites combined), incidence (per 100,000)",Arkansas,5252.0
"Invasive cancer (all sites combined), incidence (per 100,000)",California,52611.2
"Invasive cancer (all sites combined), incidence (per 100,000)",Colorado,7319.1
"Invasive cancer (all sites combined), incidence (per 100,000)",Connecticut,7120.1
"Invasive cancer (all sites combined), incidence (per 100,000)",Delaware,2078.7
"Invasive cancer (all sites combined), incidence (per 100,000)",District of Columbia,1280.0
"Invasive cancer (all sites combined), incidence (per 100,000)",Florida,35639.2
"Invasive cancer (all sites combined), incidence (per 100,000)",Georgia,14726.9
"Invasive cancer (all sites combined), incidence (per 100,000)",Hawaii,2507.5
"Invasive cancer (all sites combined), incidence (per 100,000)",Idaho,2713.6
"Invasive cancer (all sites combined), incidence (per 100,000)",Illinois,21884.7
"Invasive cancer (all sites combined), incidence (per 100,000)",Indiana,10921.9
"Invasive cancer (all sites combined), incidence (per 100,000)",Iowa,5988.0
"Invasive cancer (all sites combined), incidence (per 100,000)",Kansas,5121.8
"Invasive cancer (all sites combined), incidence (per 100,000)",Kentucky,8616.2
"Invasive cancer (all sites combined), incidence (per 100,000)",Louisiana,8080.9
"Invasive cancer (all sites combined), incidence (per 100,000)",Maine,3106.5
"Invasive cancer (all sites combined), incidence (per 100,000)",Maryland,9631.3
"Invasive cancer (all sites combined), incidence (per 100,000)",Massachusetts,12387.3
"Invasive cancer (all sites combined), incidence (per 100,000)",Michigan,18025.0
"Invasive cancer (all sites combined), incidence (per 100,000)",Minnesota,9269.7
"Invasive cancer (all sites combined), incidence (per 100,000)",Mississippi,5331.2
"Invasive cancer (all sites combined), incidence (per 100,000)",Missouri,10639.7
"Invasive cancer (all sites combined), incidence (per 100,000)",Montana,2132.7
"Invasive cancer (all sites combined), incidence (per 100,000)",Nebraska,3281.8
"Invasive cancer (all sites combined), incidence (per 100,000)",Nevada,20195.4
"Invasive cancer (all sites combined), incidence (per 100,000)",New Hampshire,2876.3
"Invasive cancer (all sites combined), incidence (per 100,000)",New Jersey,16376.1
"Invasive cancer (all sites combined), incidence (per 100,000)",New Mexico,3193.2
"Invasive cancer (all sites combined), incidence (per 100,000)",New York,35519.9
"Invasive cancer (all sites combined), incidence (per 100,000)",North Carolina,16392.7
"Invasive cancer (all sites combined), incidence (per 100,000)",North Dakota,1471.5
"Invasive cancer (all sites combined), incidence (per 100,000)",Ohio,20599.5
"Invasive cancer (all sites combined), incidence (per 100,000)",Oklahoma,6500.2
"Invasive cancer (all sites combined), incidence (per 100,000)",Oregon,6911.7
"Invasive cancer (all sites combined), incidence (per 100,000)",Pennsylvania,25664.8
"Invasive cancer (all sites combined), incidence (per 100,000)",Rhode Island,2335.3
"Invasive cancer (all sites combined), incidence (per 100,000)",South Carolina,8274.7
"Invasive cancer (all sites combined), incidence (per 100,000)",South Dakota,1684.9
"Invasive cancer (all sites combined), incidence (per 100,000)",Tennessee,11433.5
"Invasive cancer (all sites combined), incidence (per 100,000)",Texas,32765.5
"Invasive cancer (all sites combined), incidence (per 100,000)",United States,509073.8
"Invasive cancer (all sites combined), incidence (per 100,000)",Utah,3316.4
"Invasive cancer (all sites combined), incidence (per 100,000)",Vermont,1527.4
"Invasive cancer (all sites combined), incidence (per 100,000)",Virginia,12431.5
"Invasive cancer (all sites combined), incidence (per 100,000)",Washington,11473.7
"Invasive cancer (all sites combined), incidence (per 100,000)",West Virginia,4067.4
"Invasive cancer (all sites combined), incidence (per 100,000)",Wisconsin,10185.5
"Invasive cancer (all sites combined), incidence (per 100,000)",Wyoming,1140.1
"Invasive cancer (all sites combined), mortality (per 100,000)",Alabama,3546.8
"Invasive cancer (all sites combined), mortality (per 100,000)",Alaska,402.0
"Invasive cancer (all sites combined), mortality (per 100,000)",Arizona,3625.5
"Invasive cancer (all sites combined), mortality (per 100,000)",Arkansas,2309.2
"Invasive cancer (all sites combined), mortality (per 100,000)",California,18852.0
"Invasive cancer (all sites combined), mortality (per 100,000)",Colorado,2432.9
"Invasive cancer (all sites combined), mortality (per 100,000)",Connecticut,2391.6
"Invasive cancer (all sites combined), mortality (per 100,000)",Delaware,762.5
"Invasive cancer (all sites combined), mortality (per 100,000)",District of Columbia,486.8
"Invasive cancer (all sites combined), mortality (per 100,000)",Florida,13932.8
"Invasive cancer (all sites combined), mortality (per 100,000)",Georgia,5231.5
"Invasive cancer (all sites combined), mortality (per 100,000)",Hawaii,852.6
"Invasive cancer (all sites combined), mortality (per 100,000)",Idaho,949.7
"Invasive cancer (all sites combined), mortality (per 100,000)",Illinois,8197.3
"Invasive cancer (all sites combined), mortality (per 100,000)",Indiana,4526.5
"Invasive cancer (all sites combined), mortality (per 100,000)",Iowa,2257.0
"Invasive cancer (all sites combined), mortality (per 100,000)",Kansas,1910.3
"Invasive cancer (all sites combined), mortality (per 100,000)",Kentucky,3403.2
"Invasive cancer (all sites combined), mortality (per 100,000)",Louisiana,3202.7
"Invasive cancer (all sites combined), mortality (per 100,000)",Maine,1200.9
"Invasive cancer (all sites combined), mortality (per 100,000)",Maryland,3571.3
"Invasive cancer (all sites combined), mortality (per 100,000)",Massachusetts,4449.0
"Invasive cancer (all sites combined), mortality (per 100,000)",Michigan,6929.0
"Invasive cancer (all sites combined), mortality (per 100,000)",Minnesota,3284.3
"Invasive cancer (all sites combined), mortality (per 100,000)",Mississippi,2226.4
"Invasive cancer (all sites combined), mortality (per 100,000)",Missouri,4332.2
"Invasive cancer (all sites combined), mortality (per 100,000)",Montana,763.6
"Invasive cancer (all sites combined), mortality (per 100,000)",Nebraska,1253.5
"Invasive cancer (all sites combined), mortality (per 100,000)",Nevada,1620.6
"Invasive cancer (all sites combined), mortality (per 100,000)",New Hampshire,994.7
"Invasive cancer (all sites combined), mortality (per 100,000)",New Jersey,5680.4
"Invasive cancer (all sites combined), mortality (per 100,000)",New Mexico,1218.2
"Invasive cancer (all sites combined), mortality (per 100,000)",New York,11938.0
"Invasive cancer (all sites combined), mortality (per 100,000)",North Carolina,6102.4
"Invasive cancer (all sites combined), mortality (per 100,000)",North Dakota,545.7
"Invasive cancer (all sites combined), mortality (per 100,000)",Ohio,8510.2
"Invasive cancer (all sites combined), mortality (per 100,000)",Oklahoma,2744.2
"Invasive cancer (all sites combined), mortality (per 100,000)",Oregon,2673.2
"Invasive cancer (all sites combined), mortality (per 100,000)",Pennsylvania,9782.5
"Invasive cancer (all sites combined), mortality (per 100,000)",Rhode Island,862.6
"Invasive cancer (all sites combined), mortality (per 100,000)",South Carolina,3258.7
"Invasive cancer (all sites combined), mortality (per 100,000)",South Dakota,655.6
"Invasive cancer (all sites combined), mortality (per 100,000)",Tennessee,4639.6
"Invasive cancer (all sites combined), mortality (per 100,000)",Texas,12337.7
"Invasive cancer (all sites combined), mortality (per 100,000)",United States,191259.2
"Invasive cancer (all sites combined), mortality (per 100,000)",Utah,973.7
"Invasive cancer (all sites combined), mortality (per 100,000)",Vermont,567.9
"Invasive cancer (all sites combined), mortality (per 100,000)",Virginia,4839.8
"Invasive cancer (all sites combined), mortality (per 100,000)",Washington,4072.9
"Invasive cancer (all sites combined), mortality (per 100,000)",West Virginia,1720.0
"Invasive cancer (all sites combined), mortality (per 100,000)",Wisconsin,3869.3
"Invasive cancer (all sites combined), mortality (per 100,000)",Wyoming,423.7
"Invasive cancer of the cervix, incidence (per 100,000)",Alabama,76.7
"Invasive cancer of the cervix, incidence (per 100,000)",Alaska,13.2
"Invasive cancer of the cervix, incidence (per 100,000)",Arizona,77.2
"Invasive cancer of the cervix, incidence (per 100,000)",Arkansas,54.9
"Invasive cancer of the cervix, incidence (per 100,000)",California,491.5
"Invasive cancer of the cervix, incidence (per 100,000)",Colorado,54.7
"Invasive cancer of the cervix, incidence (per 100,000)",Connecticut,44.3
"Invasive cancer of the cervix, incidence (per 100,000)",Delaware,20.3
"Invasive cancer of the cervix, incidence (per 100,000)",District of Columbia,15.9
"Invasive cancer of the cervix, incidence (per 100,000)",Florida,315.8
"Invasive cancer of the cervix, incidence (per 100,000)",Georgia,139.7
"Invasive cancer of the cervix, incidence (per 100,000)",Hawaii,22.8
"Invasive cancer of the cervix, incidence (per 100,000)",Idaho,19.8
"Invasive cancer of the cervix, incidence (per 100,000)",Illinois,190.2
"Invasive cancer of the cervix, incidence (per 100,000)",Indiana,89.4
"Invasive cancer of the cervix, incidence (per 100,000)",Iowa,40.0
"Invasive cancer of the cervix, incidence (per 100,000)",Kansas,37.3
"Invasive cancer of the cervix, incidence (per 100,000)",Kentucky,72.2
"Invasive cancer of the cervix, incidence (per 100,000)",Louisiana,78.2
"Invasive cancer of the cervix, incidence (per 100,000)",Maine,19.2
"Invasive cancer of the cervix, incidence (per 100,000)",Maryland,75.3
"Invasive cancer of the cervix, incidence (per 100,000)",Massachusetts,68.3
"Invasive cancer of the cervix, incidence (per 100,000)",Michigan,122.6
"Invasive cancer of the cervix, incidence (per 100,000)",Minnesota,58.4
"Invasive cancer of the cervix, incidence (per 100,000)",Mississippi,56.5
"Invasive cancer of the cervix, incidence (per 100,000)",Missouri,92.6
"Invasive cancer of the cervix, incidence (per 100,000)",Montana,16.2
"Invasive cancer of the cervix, incidence (per 100,000)",Nebraska,24.8
"Invasive cancer of the cervix, incidence (per 100,000)",Nevada,167.4
"Invasive cancer of the cervix, incidence (per 100,000)",New Hampshire,15.5
"Invasive cancer of the cervix, incidence (per 100,000)",New Jersey,136.2
"Invasive cancer of the cervix, incidence (per 100,000)",New Mexico,31.0
"Invasive cancer of the cervix, incidence (per 100,000)",New York,292.2
"Invasive cancer of the cervix, incidence (per 100,000)",North Carolina,124.5
"Invasive cancer of the cervix, incidence (per 100,000)",North Dakota,11.3
"Invasive cancer of the cervix, incidence (per 100,000)",Ohio,157.8
"Invasive cancer of the cervix, incidence (per 100,000)",Oklahoma,65.6
"Invasive cancer of the cervix, incidence (per 100,000)",Oregon,49.2
"Invasive cancer of the cervix, incidence (per 100,000)",Pennsylvania,183.6
"Invasive cancer of the cervix, incidence (per 100,000)",Rhode Island,16.3
"Invasive cancer of the cervix, incidence (per 100,000)",South Carolina,70.7
"Invasive cancer of the cervix, incidence (per 100,000)",South Dakota,13.0
"Invasive cancer of the cervix, incidence (per 100,000)",Tennessee,103.2
"Invasive cancer of the cervix, incidence (per 100,000)",Texas,387.7
"Invasive cancer of the cervix, incidence (per 100,000)",United States,4163.9
"Invasive cancer of the cervix, incidence (per 100,000)",Utah,23.9
"Invasive cancer of the cervix, incidence (per 100,000)",Vermont,8.4
"Invasive cancer of the cervix, incidence (per 100,000)",Virginia,93.3
"Invasive cancer of the cervix, incidence (per 100,000)",Washington,84.3
"Invasive cancer of the cervix, incidence (per 100,000)",West Virginia,41.1
"Invasive cancer of the cervix, incidence (per 100,000)",Wisconsin,63.4
"Invasive cancer of the cervix, incidence (per 100,000)",Wyoming,13.2
"Invasive cancer of the female breast, incidence (per 100,000)",Alabama,1239.7
"Invasive cancer of the female breast, incidence (per 100,000)",Alaska,214.7
"Invasive cancer of the female breast, incidence (per 100,000)",Arizona,1424.1
"Invasive cancer of the female breast, incidence (per 100,000)",Arkansas,708.4
"Invasive cancer of the female breast, incidence (per 100,000)",California,8164.4
"Invasive cancer of the female breast, incidence (per 100,000)",Colorado,1211.4
"Invasive cancer of the female breast, incidence (per 100,000)",Connecticut,1122.0
"Invasive cancer of the female breast, incidence (per 100,000)",Delaware,327.8
"Invasive cancer of the female breast, incidence (per 100,000)",District of Columbia,246.8
"Invasive cancer of the female breast, incidence (per 100,000)",Florida,4882.1
"Invasive cancer of the female breast, incidence (per 100,000)",Georgia,2218.8
"Invasive cancer of the female breast, incidence (per 100,000)",Hawaii,446.5
"Invasive cancer of the female breast, incidence (per 100,000)",Idaho,414.8
"Invasive cancer of the female breast, incidence (per 100,000)",Illinois,3206.6
"Invasive cancer of the female breast, incidence (per 100,000)",Indiana,1572.8
"Invasive cancer of the female breast, incidence (per 100,000)",Iowa,849.7
"Invasive cancer of the female breast, incidence (per 100,000)",Kansas,752.7
"Invasive cancer of the female breast, incidence (per 100,000)",Kentucky,1137.7
"Invasive cancer of the female breast, incidence (per 100,000)",Louisiana,1129.4
"Invasive cancer of the female breast, incidence (per 100,000)",Maine,467.9
"Invasive cancer of the female breast, incidence (per 100,000)",Maryland,1565.3
"Invasive cancer of the female breast, incidence (per 100,000)",Massachusetts,1924.1
"Invasive cancer of the female breast, incidence (per 100,000)",Michigan,2505.4
"Invasive cancer of the female breast, incidence (per 100,000)",Minnesota,1407.6
"Invasive cancer of the female breast, incidence (per 100,000)",Mississippi,745.4
"Invasive cancer of the female breast, incidence (per 100,000)",Missouri,1590.7
"Invasive cancer of the female breast, incidence (per 100,000)",Montana,345.7
"Invasive cancer of the female breast, incidence (per 100,000)",Nebraska,515.0
"Invasive cancer of the female breast, incidence (per 100,000)",Nevada,2956.7
"Invasive cancer of the female breast, incidence (per 100,000)",New Hampshire,467.4
"Invasive cancer of the female breast, incidence (per 100,000)",New Jersey,2414.8
"Invasive cancer of the female breast, incidence (per 100,000)",New Mexico,524.1
"Invasive cancer of the female breast, incidence (per 100,000)",New York,5092.2
"Invasive cancer of the female breast, incidence (per 100,000)",North Carolina,2466.2
"Invasive cancer of the female breast, incidence (per 100,000)",North Dakota,246.4
"Invasive cancer of the female breast, incidence (per 100,000)",Ohio,2935.4
"Invasive cancer of the female breast, incidence (per 100,000)",Oklahoma,948.6
"Invasive cancer of the female breast, incidence (per 100,000)",Oregon,1086.0
"Invasive cancer of the female breast, incidence (per 100,000)",Pennsylvania,3586.7
"Invasive cancer of the female breast, incidence (per 100,000)",Rhode Island,380.7
"Invasive cancer of the female breast, incidence (per 100,000)",South Carolina,1259.9
"Invasive cancer of the female breast, incidence (per 100,000)",South Dakota,289.4
"Invasive cancer of the female breast, incidence (per 100,000)",Tennessee,1619.9
"Invasive cancer of the female breast, incidence (per 100,000)",Texas,4842.2
"Invasive cancer of the female breast, incidence (per 100,000)",United States,73489.4
"Invasive cancer of the female breast, incidence (per 100,000)",Utah,509.2
"Invasive cancer of the female breast, incidence (per 100,000)",Vermont,268.4
"Invasive cancer of the female breast, incidence (per 100,000)",Virginia,1996.3
"Invasive cancer of the female breast, incidence (per 100,000)",Washington,1801.8
"Invasive cancer of the female breast, incidence (per 100,000)",West Virginia,538.7
"Invasive cancer of the female breast, incidence (per 100,000)",Wisconsin,1493.9
"Invasive cancer of the female breast, incidence (per 100,000)",Wyoming,194.7
"Invasive cancer of the oral cavity or pharynx, incidence (per 100,000)",Alabama,245.9
"Invasive cancer of the oral cavity or pharynx, incidence (per 100,000)",Alaska,32.7
"Invasive cancer of the oral cavity or pharynx, incidence (per 100,000)",Arizona,211.8
"Invasive cancer of the oral cavity or pharynx, incidence (per 100,000)",Arkansas,149.3
"Invasive cancer of the oral cavity or pharynx, incidence (per 100,000)",California,1318.0
"Invasive cancer of the oral cavity or pharynx, incidence (per 100,000)",Colorado,181.5
"Invasive cancer of the oral cavity or pharynx, incidence (per 100,000)",Connecticut,165.8
"Invasive cancer of the oral cavity or pharynx, incidence (per 100,000)",Delaware,50.2
"Invasive cancer of the oral cavity or pharynx, incidence (per 100,000)",District of Columbia,32.4
"Invasive cancer of the oral cavity or pharynx, incidence (per 100,000)",Florida,1046.1
"Invasive cancer of the oral cavity or pharynx, incidence (per 100,000)",Georgia,392.6
"Invasive cancer of the oral cavity or pharynx, incidence (per 100,000)",Hawaii,70.9
"Invasive cancer of the oral cavity or pharynx, incidence (per 100,000)",Idaho,77.2
"Invasive cancer of the oral cavity or pharynx, incidence (per 100,000)",Illinois,553.5
"Invasive cancer of the oral cavity or pharynx, incidence (per 100,000)",Indiana,283.1
"Invasive cancer of the oral cavity or pharynx, incidence (per 100,000)",Iowa,152.0
"Invasive cancer of the oral cavity or pharynx, incidence (per 100,000)",Kansas,123.4
"Invasive cancer of the oral cavity or pharynx, incidence (per 100,000)",Kentucky,235.0
"Invasive cancer of the oral cavity or pharynx, incidence (per 100,000)",Louisiana,216.8
"Invasive cancer of the oral cavity or pharynx, incidence (per 100,000)",Maine,80.4
"Invasive cancer of the oral cavity or pharynx, incidence (per 100,000)",Maryland,230.4
"Invasive cancer of the oral cavity or pharynx, incidence (per 100,000)",Massachusetts,308.5
"Invasive cancer of the oral cavity or pharynx, incidence (per 100,000)",Michigan,449.3
"Invasive cancer of the oral cavity or pharynx, incidence (per 100,000)",Minnesota,237.5
"Invasive cancer of the oral cavity or pharynx, incidence (per 100,000)",Mississippi,150.1
"Invasive cancer of the oral cavity or pharynx, incidence (per 100,000)",Missouri,274.3
"Invasive cancer of the oral cavity or pharynx, incidence (per 100,000)",Montana,56.4
"Invasive cancer of the oral cavity or pharynx, incidence (per 100,000)",Nebraska,82.8
"Invasive cancer of the oral cavity or pharynx, incidence (per 100,000)",Nevada,512.3
"Invasive cancer of the oral cavity or pharynx, incidence (per 100,000)",New Hampshire,68.3
"Invasive cancer of the oral cavity or pharynx, incidence (per 100,000)",New Jersey,349.0
"Invasive cancer of the oral cavity or pharynx, incidence (per 100,000)",New Mexico,81.2
"Invasive cancer of the oral cavity or pharynx, incidence (per 100,000)",New York,778.1
"Invasive cancer of the oral cavity or pharynx, incidence (per 100,000)",North Carolina,443.3
"Invasive cancer of the oral cavity or pharynx, incidence (per 100,000)",North Dakota,36.6
"Invasive cancer of the oral cavity or pharynx, incidence (per 100,000)",Ohio,490.8
"Invasive cancer of the oral cavity or pharynx, incidence (per 100,000)",Oklahoma,191.2
"Invasive cancer of the oral cavity or pharynx, incidence (per 100,000)",Oregon,172.9
"Invasive cancer of the oral cavity or pharynx, incidence (per 100,000)",Pennsylvania,601.8
"Invasive cancer of the oral cavity or pharynx, incidence (per 100,000)",Rhode Island,52.9
"Invasive cancer of the oral cavity or pharynx, incidence (per 100,000)",South Carolina,224.7
"Invasive cancer of the oral cavity or pharynx, incidence (per 100,000)",South Dakota,44.2
"Invasive cancer of the oral cavity or pharynx, incidence (per 100,000)",Tennessee,304.1
"Invasive cancer of the oral cavity or pharynx, incidence (per 100,000)",Texas,863.9
"Invasive cancer of the oral cavity or pharynx, incidence (per 100,000)",United States,12913.3
"Invasive cancer of the oral cavity or pharynx, incidence (per 100,000)",Utah,66.6
"Invasive cancer of the oral cavity or pharynx, incidence (per 100,000)",Vermont,38.1
"Invasive cancer of the oral cavity or pharynx, incidence (per 100,000)",Virginia,310.2
"Invasive cancer of the oral cavity or pharynx, incidence (per 100,000)",Washington,292.4
"Invasive cancer of the oral cavity or pharynx, incidence (per 100,000)",West Virginia,104.1
"Invasive cancer of the oral cavity or pharynx, incidence (per 100,000)",Wisconsin,260.9
"Invasive cancer of the oral cavity or pharynx, incidence (per 100,000)",Wyoming,30.7
"Invasive cancer of the prostate, incidence (per 100,000)",Alabama,1337.7
"Invasive cancer of the prostate, incidence (per 100,000)",Alaska,185.1
"Invasive cancer of the prostate, incidence (per 100,000)",Arizona,1099.5
"Invasive cancer of the prostate, incidence (per 100,000)",Arkansas,840.1
"Invasive cancer of the prostate, incidence (per 100,000)",California,7342.8
"Invasive cancer of the prostate, incidence (per 100,000)",Colorado,1165.4
"Invasive cancer of the prostate, incidence (per 100,000)",Connecticut,1008.9
"Invasive cancer of the prostate, incidence (per 100,000)",Delaware,376.6
"Invasive cancer of the prostate, incidence (per 100,000)",District of Columbia,278.5
"Invasive cancer of the prostate, incidence (per 100,000)",Florida,4788.5
"Invasive cancer of the prostate, incidence (per 100,000)",Georgia,2282.8
"Invasive cancer of the prostate, incidence (per 100,000)",Hawaii,335.0
"Invasive cancer of the prostate, incidence (per 100,000)",Idaho,478.6
"Invasive cancer of the prostate, incidence (per 100,000)",Illinois,3018.8
"Invasive cancer of the prostate, incidence (per 100,000)",Indiana,1277.3
"Invasive cancer of the prostate, incidence (per 100,000)",Iowa,808.4
"Invasive cancer of the prostate, incidence (per 100,000)",Kansas,792.9
"Invasive cancer of the prostate, incidence (per 100,000)",Kentucky,1030.1
"Invasive cancer of the prostate, incidence (per 100,000)",Louisiana,1322.5
"Invasive cancer of the prostate, incidence (per 100,000)",Maine,431.2
"Invasive cancer of the prostate, incidence (per 100,000)",Maryland,1473.9
"Invasive cancer of the prostate, incidence (per 100,000)",Massachusetts,1682.5
"Invasive cancer of the prostate, incidence (per 100,000)",Michigan,2764.9
"Invasive cancer of the prostate, incidence (per 100,000)",Minnesota,1438.7
"Invasive cancer of the prostate, incidence (per 100,000)",Mississippi,846.6
"Invasive cancer of the prostate, incidence (per 100,000)",Missouri,1322.2
"Invasive cancer of the prostate, incidence (per 100,000)",Montana,376.8
"Invasive cancer of the prostate, incidence (per 100,000)",Nebraska,482.3
"Invasive cancer of the prostate, incidence (per 100,000)",Nevada,2830.0
"Invasive cancer of the prostate, incidence (per 100,000)",New Hampshire,464.6
"Invasive cancer of the prostate, incidence (per 100,000)",New Jersey,2486.3
"Invasive cancer of the prostate, incidence (per 100,000)",New Mexico,486.1
"Invasive cancer of the prostate, incidence (per 100,000)",New York,5197.1
"Invasive cancer of the prostate, incidence (per 100,000)",North Carolina,2365.7
"Invasive cancer of the prostate, incidence (per 100,000)",North Dakota,277.1
"Invasive cancer of the prostate, incidence (per 100,000)",Ohio,2740.8
"Invasive cancer of the prostate, incidence (per 100,000)",Oklahoma,924.0
"Invasive cancer of the prostate, incidence (per 100,000)",Oregon,978.9
"Invasive cancer of the prostate, incidence (per 100,000)",Pennsylvania,3363.6
"Invasive cancer of the prostate, incidence (per 100,000)",Rhode Island,341.9
"Invasive cancer of the prostate, incidence (per 100,000)",South Carolina,1256.8
"Invasive cancer of the prostate, incidence (per 100,000)",South Dakota,285.8
"Invasive cancer of the prostate, incidence (per 100,000)",Tennessee,1623.5
"Invasive cancer of the prostate, incidence (per 100,000)",Texas,4237.9
"Invasive cancer of the prostate, incidence (per 100,000)",United States,70189.0
"Invasive cancer of the prostate, incidence (per 100,000)",Utah,639.0
"Invasive cancer of the prostate, incidence (per 100,000)",Vermont,245.4
"Invasive cancer of the prostate, incidence (per 100,000)",Virginia,1799.3
"Invasive cancer of the prostate, incidence (per 100,000)",Washington,1653.1
"Invasive cancer of the prostate, incidence (per 100,000)",West Virginia,525.9
"Invasive cancer of the prostate, incidence (per 100,000)",Wisconsin,1440.7
"Invasive cancer of the prostate, incidence (per 100,000)",Wyoming,220.8
"Invasive melanoma, incidence (per 100,000)",Alabama,391.0
"Invasive melanoma, incidence (per 100,000)",Alaska,35.0
"Invasive melanoma, incidence (per 100,000)",Arizona,389.7
"Invasive melanoma, incidence (per 100,000)",Arkansas,189.6
"Invasive melanoma, incidence (per 100,000)",California,2593.9
"Invasive melanoma, incidence (per 100,000)",Colorado,385.7
"Invasive melanoma, incidence (per 100,000)",Connecticut,316.4
"Invasive melanoma, incidence (per 100,000)",Delaware,118.1
"Invasive melanoma, incidence (per 100,000)",District of Columbia,21.6
"Invasive melanoma, incidence (per 100,000)",Florida,1578.9
"Invasive melanoma, incidence (per 100,000)",Georgia,746.7
"Invasive melanoma, incidence (per 100,000)",Hawaii,119.8
"Invasive melanoma, incidence (per 100,000)",Idaho,152.0
"Invasive melanoma, incidence (per 100,000)",Illinois,811.9
"Invasive melanoma, incidence (per 100,000)",Indiana,419.9
"Invasive melanoma, incidence (per 100,000)",Iowa,282.6
"Invasive melanoma, incidence (per 100,000)",Kansas,253.6
"Invasive melanoma, incidence (per 100,000)",Kentucky,393.3
"Invasive melanoma, incidence (per 100,000)",Louisiana,248.4
"Invasive melanoma, incidence (per 100,000)",Maine,140.1
"Invasive melanoma, incidence (per 100,000)",Maryland,438.3
"Invasive melanoma, incidence (per 100,000)",Massachusetts,545.3
"Invasive melanoma, incidence (per 100,000)",Michigan,697.5
"Invasive melanoma, incidence (per 100,000)",Minnesota,528.6
"Invasive melanoma, incidence (per 100,000)",Mississippi,191.2
"Invasive melanoma, incidence (per 100,000)",Missouri,404.9
"Invasive melanoma, incidence (per 100,000)",Montana,106.2
"Invasive melanoma, incidence (per 100,000)",Nebraska,131.3
"Invasive melanoma, incidence (per 100,000)",Nevada,871.0
"Invasive melanoma, incidence (per 100,000)",New Hampshire,152.3
"Invasive melanoma, incidence (per 100,000)",New Jersey,712.7
"Invasive melanoma, incidence (per 100,000)",New Mexico,148.0
"Invasive melanoma, incidence (per 100,000)",New York,1251.2
"Invasive melanoma, incidence (per 100,000)",North Carolina,783.0
"Invasive melanoma, incidence (per 100,000)",North Dakota,67.6
"Invasive melanoma, incidence (per 100,000)",Ohio,844.0
"Invasive melanoma, incidence (per 100,000)",Oklahoma,229.3
"Invasive melanoma, incidence (per 100,000)",Oregon,398.8
"Invasive melanoma, incidence (per 100,000)",Pennsylvania,1029.8
"Invasive melanoma, incidence (per 100,000)",Rhode Island,99.0
"Invasive melanoma, incidence (per 100,000)",South Carolina,397.1
"Invasive melanoma, incidence (per 100,000)",South Dakota,68.7
"Invasive melanoma, incidence (per 100,000)",Tennessee,491.4
"Invasive melanoma, incidence (per 100,000)",Texas,1016.6
"Invasive melanoma, incidence (per 100,000)",United States,21920.1
"Invasive melanoma, incidence (per 100,000)",Utah,267.2
"Invasive melanoma, incidence (per 100,000)",Vermont,92.8
"Invasive melanoma, incidence (per 100,000)",Virginia,524.1
"Invasive melanoma, incidence (per 100,000)",Washington,624.5
"Invasive melanoma, incidence (per 100,000)",West Virginia,170.1
"Invasive melanoma, incidence (per 100,000)",Wisconsin,442.4
"Invasive melanoma, incidence (per 100,000)",Wyoming,60.7
Mammography use among women aged 50-74 years (%),Alabama,79.9
Mammography use among women aged 50-74 years (%),Alaska,72.8
Mammography use among women aged 50-74 years (%),Arizona,78.1
Mammography use among women aged 50-74 years (%),Arkansas,71.9
Mammography use among women aged 50-74 years (%),California,85.4
Mammography use among women aged 50-74 years (%),Colorado,74.6
Mammography use among women aged 50-74 years (%),Connecticut,84.5
Mammography use among women aged 50-74 years (%),Delaware,84.5
Mammography use among women aged 50-74 years (%),District of Columbia,83.3
Mammography use among women aged 50-74 years (%),Florida,77.4
Mammography use among women aged 50-74 years (%),Georgia,82.3
Mammography use among women aged 50-74 years (%),Guam,73.6
Mammography use among women aged 50-74 years (%),Hawaii,83.7
Mammography use among women aged 50-74 years (%),Idaho,72.5
Mammography use among women aged 50-74 years (%),Illinois,80.6
Mammography use among women aged 50-74 years (%),Indiana,76.2
Mammography use among women aged 50-74 years (%),Iowa,82.4
Mammography use among women aged 50-74 years (%),Kansas,73.8
Mammography use among women aged 50-74 years (%),Kentucky,79.4
Mammography use among women aged 50-74 years (%),Louisiana,80.5
Mammography use among women aged 50-74 years (%),Maine,84.6
Mammography use among women aged 50-74 years (%),Maryland,84.4
Mammography use among women aged 50-74 years (%),Massachusetts,89.3
Mammography use among women aged 50-74 years (%),Michigan,83.5
Mammography use among women aged 50-74 years (%),Minnesota,81.5
Mammography use among women aged 50-74 years (%),Mississippi,73.2
Mammography use among women aged 50-74 years (%),Missouri,76.8
Mammography use among women aged 50-74 years (%),Montana,73.2
Mammography use among women aged 50-74 years (%),Nebraska,74.2
Mammography use among women aged 50-74 years (%),Nevada,74.5
Mammography use among women aged 50-74 years (%),New Hampshire,85.3
Mammography use among women aged 50-74 years (%),New Jersey,80.7
Mammography use among women aged 50-74 years (%),New Mexico,73.6
Mammography use among women aged 50-74 years (%),New York,79.0
Mammography use among women aged 50-74 years (%),North Carolina,80.3
Mammography use among women aged 50-74 years (%),North Dakota,76.6
Mammography use among women aged 50-74 years (%),Ohio,79.7
Mammography use among women aged 50-74 years (%),Oklahoma,69.4
Mammography use among women aged 50-74 years (%),Oregon,77.9
Mammography use among women aged 50-74 years (%),Pennsylvania,80.2
Mammography use among women aged 50-74 years (%),Puerto Rico,83.5
Mammography use among women aged 50-74 years (%),Rhode Island,83.1
Mammography use among women aged 50-74 years (%),South Carolina,78.6
Mammography use among women aged 50-74 years (%),South Dakota,81.3
Mammography use among women aged 50-74 years (%),Tennessee,79.4
Mammography use among women aged 50-74 years (%),Texas,74.9
Mammography use among women aged 50-74 years (%),United States,81.1
Mammography use among women aged 50-74 years (%),Utah,72.3
Mammography use among women aged 50-74 years (%),Vermont,81.4
Mammography use among women aged 50-74 years (%),Virgin Islands,78.9
Mammography use among women aged 50-74 years (%),Virginia,81.4
Mammography use among women aged 50-74 years (%),Washington,78.3
Mammography use among women aged 50-74 years (%),West Virginia,78.4
Mammography use among women aged 50-74 years (%),Wisconsin,78.7
Mammography use among women aged 50-74 years (%),Wyoming,71.2
"Melanoma, mortality (per 100,000)",Alabama,52.4
"Melanoma, mortality (per 100,000)",Alaska,5.3
"Melanoma, mortality (per 100,000)",Arizona,69.7
"Melanoma, mortality (per 100,000)",Arkansas,33.0
"Melanoma, mortality (per 100,000)",California,316.0
"Melanoma, mortality (per 100,000)",Colorado,55.8
"Melanoma, mortality (per 100,000)",Connecticut,37.2
"Melanoma, mortality (per 100,000)",Delaware,11.7
"Melanoma, mortality (per 100,000)",District of Columbia,3.1
"Melanoma, mortality (per 100,000)",Florida,244.9
"Melanoma, mortality (per 100,000)",Georgia,73.9
"Melanoma, mortality (per 100,000)",Hawaii,9.1
"Melanoma, mortality (per 100,000)",Idaho,20.6
"Melanoma, mortality (per 100,000)",Illinois,111.0
"Melanoma, mortality (per 100,000)",Indiana,73.8
"Melanoma, mortality (per 100,000)",Iowa,37.5
"Melanoma, mortality (per 100,000)",Kansas,33.1
"Melanoma, mortality (per 100,000)",Kentucky,52.6
"Melanoma, mortality (per 100,000)",Louisiana,36.5
"Melanoma, mortality (per 100,000)",Maine,19.3
"Melanoma, mortality (per 100,000)",Maryland,55.2
"Melanoma, mortality (per 100,000)",Massachusetts,75.1
"Melanoma, mortality (per 100,000)",Michigan,93.4
"Melanoma, mortality (per 100,000)",Minnesota,49.7
"Melanoma, mortality (per 100,000)",Mississippi,25.2
"Melanoma, mortality (per 100,000)",Missouri,71.5
"Melanoma, mortality (per 100,000)",Montana,14.2
"Melanoma, mortality (per 100,000)",Nebraska,23.2
"Melanoma, mortality (per 100,000)",Nevada,28.7
"Melanoma, mortality (per 100,000)",New Hampshire,16.0
"Melanoma, mortality (per 100,000)",New Jersey,83.4
"Melanoma, mortality (per 100,000)",New Mexico,21.9
"Melanoma, mortality (per 100,000)",New York,162.9
"Melanoma, mortality (per 100,000)",North Carolina,100.7
"Melanoma, mortality (per 100,000)",North Dakota,7.2
"Melanoma, mortality (per 100,000)",Ohio,132.5
"Melanoma, mortality (per 100,000)",Oklahoma,45.6
"Melanoma, mortality (per 100,000)",Oregon,51.4
"Melanoma, mortality (per 100,000)",Pennsylvania,155.2
"Melanoma, mortality (per 100,000)",Rhode Island,12.5
"Melanoma, mortality (per 100,000)",South Carolina,46.9
"Melanoma, mortality (per 100,000)",South Dakota,9.0
"Melanoma, mortality (per 100,000)",Tennessee,73.2
"Melanoma, mortality (per 100,000)",Texas,182.9
"Melanoma, mortality (per 100,000)",United States,3025.5
"Melanoma, mortality (per 100,000)",Utah,28.5
"Melanoma, mortality (per 100,000)",Vermont,9.9
"Melanoma, mortality (per 100,000)",Virginia,81.6
"Melanoma, mortality (per 100,000)",Washington,71.7
"Melanoma, mortality (per 100,000)",West Virginia,27.8
"Melanoma, mortality (per 100,000)",Wisconsin,60.6
"Melanoma, mortality (per 100,000)",Wyoming,8.1
Papanicolaou smear use among adult women aged 21-65 years (%),Alabama,81.0
Papanicolaou smear use among adult women aged 21-65 years (%),Alaska,76.7
Papanicolaou smear use among adult women aged 21-65 years (%),Arizona,79.4
Papanicolaou smear use among adult women aged 21-65 years (%),Arkansas,80.1
Papanicolaou smear use among adult women aged 21-65 years (%),California,83.0
Papanicolaou smear use among adult women aged 21-65 years (%),Colorado,82.8
Papanicolaou smear use among adult women aged 21-65 years (%),Connecticut,87.7
Papanicolaou smear use among adult women aged 21-65 years (%),Delaware,88.9
Papanicolaou smear use among adult women aged 21-65 years (%),District of Columbia,86.5
Papanicolaou smear use among adult women aged 21-65 years (%),Florida,75.5
Papanicolaou smear use among adult women aged 21-65 years (%),Georgia,83.1
Papanicolaou smear use among adult women aged 21-65 years (%),Guam,73.7
Papanicolaou smear use among adult women aged 21-65 years (%),Hawaii,81.5
Papanicolaou smear use among adult women aged 21-65 years (%),Idaho,75.4
Papanicolaou smear use among adult women aged 21-65 years (%),Illinois,81.1
Papanicolaou smear use among adult women aged 21-65 years (%),Indiana,75.8
Papanicolaou smear use among adult women aged 21-65 years (%),Iowa,87.1
Papanicolaou smear use among adult women aged 21-65 years (%),Kansas,80.2
Papanicolaou smear use among adult women aged 21-65 years (%),Kentucky,80.1
Papanicolaou smear use among adult women aged 21-65 years (%),Louisiana,82.3
Papanicolaou smear use among adult women aged 21-65 years (%),Maine,86.4
Papanicolaou smear use among adult women aged 21-65 years (%),Maryland,86.1
Papanicolaou smear use among adult women aged 21-65 years (%),Massachusetts,86.3
Papanicolaou smear use among adult women aged 21-65 years (%),Michigan,80.3
Papanicolaou smear use among adult women aged 21-65 years (%),Minnesota,83.1
Papanicolaou smear use among adult women aged 21-65 years (%),Mississippi,83.0
Papanicolaou smear use among adult women aged 21-65 years (%),Missouri,82.0
Papanicolaou smear use among adult women aged 21-65 years (%),Montana,81.2
Papanicolaou smear use among adult women aged 21-65 years (%),Nebraska,79.2
Papanicolaou smear use among adult women aged 21-65 years (%),Nevada,76.2
Papanicolaou smear use among adult women aged 21-65 years (%),New Hampshire,86.0
Papanicolaou smear use among adult women aged 21-65 years (%),New Jersey,82.3
Papanicolaou smear use among adult women aged 21-65 years (%),New Mexico,79.7
Papanicolaou smear use among adult women aged 21-65 years (%),New York,81.5
Papanicolaou smear use among adult women aged 21-65 years (%),North Carolina,84.3
Papanicolaou smear use among adult women aged 21-65 years (%),North Dakota,79.5
Papanicolaou smear use among adult women aged 21-65 years (%),Ohio,81.2
Papanicolaou smear use among adult women aged 21-65 years (%),Oklahoma,78.2
Papanicolaou smear use among adult women aged 21-65 years (%),Oregon,84.8
Papanicolaou smear use among adult women aged 21-65 years (%),Pennsylvania,78.8
Papanicolaou smear use among adult women aged 21-65 years (%),Puerto Rico,77.2
Papanicolaou smear use among adult women aged 21-65 years (%),Rhode Island,86.2
Papanicolaou smear use among adult women aged 21-65 years (%),South Carolina,82.2
Papanicolaou smear use among adult women aged 21-65 years (%),South Dakota,84.0
Papanicolaou smear use among adult women aged 21-65 years (%),Tennessee,86.6
Papanicolaou smear use among adult women aged 21-65 years (%),Texas,78.0
Papanicolaou smear use among adult women aged 21-65 years (%),United States,83.1
Papanicolaou smear use among adult women aged 21-65 years (%),Utah,75.9
Papanicolaou smear use among adult women aged 21-65 years (%),Vermont,86.6
Papanicolaou smear use among adult women aged 21-65 years (%),Virgin Islands,81.7
Papanicolaou smear use among adult women aged 21-65 years (%),Virginia,84.6
Papanicolaou smear use among adult women aged 21-65 years (%),Washington,78.6
Papanicolaou smear use among adult women aged 21-65 years (%),West Virginia,80.9
Papanicolaou smear use among adult women aged 21-65 years (%),Wisconsin,84.5
Papanicolaou smear use among adult women aged 21-65 years (%),Wyoming,82.0
Recent Papanicolaou smear use among women aged 21-44 years (%),Alabama,85.2
Recent Papanicolaou smear use among women aged 21-44 years (%),Alaska,78.8
Recent Papanicolaou smear use among women aged 21-44 years (%),Arizona,79.2
Recent Papanicolaou smear use among women aged 21-44 years (%),Arkansas,83.0
Recent Papanicolaou smear use among women aged 21-44 years (%),California,81.6
Recent Papanicolaou smear use among women aged 21-44 years (%),Colorado,84.1
Recent Papanicolaou smear use among women aged 21-44 years (%),Connecticut,87.5
Recent Papanicolaou smear use among women aged 21-44 years (%),Delaware,86.4
Recent Papanicolaou smear use among women aged 21-44 years (%),District of Columbia,86.5
Recent Papanicolaou smear use among women aged 21-44 years (%),Florida,77.8
Recent Papanicolaou smear use among women aged 21-44 years (%),Georgia,85.4
Recent Papanicolaou smear use among women aged 21-44 years (%),Guam,70.2
Recent Papanicolaou smear use among women aged 21-44 years (%),Hawaii,79.9
Recent Papanicolaou smear use among women aged 21-44 years (%),Idaho,79.0
Recent Papanicolaou smear use among women aged 21-44 years (%),Illinois,85.4
Recent Papanicolaou smear use among women aged 21-44 years (%),Indiana,79.4
Recent Papanicolaou smear use among women aged 21-44 years (%),Iowa,87.7
Recent Papanicolaou smear use among women aged 21-44 years (%),Kansas,83.4
Recent Papanicolaou smear use among women aged 21-44 years (%),Kentucky,81.6
Recent Papanicolaou smear use among women aged 21-44 years (%),Louisiana,87.1
Recent Papanicolaou smear use among women aged 21-44 years (%),Maine,86.8
Recent Papanicolaou smear use among women aged 21-44 years (%),Maryland,84.4
Recent Papanicolaou smear use among women aged 21-44 years (%),Massachusetts,82.8
Recent Papanicolaou smear use among women aged 21-44 years (%),Michigan,84.3
Recent Papanicolaou smear use among women aged 21-44 years (%),Minnesota,83.1
Recent Papanicolaou smear use among women aged 21-44 years (%),Mississippi,87.8
Recent Papanicolaou smear use among women aged 21-44 years (%),Missouri,83.3
Recent Papanicolaou smear use among women aged 21-44 years (%),Montana,83.2
Recent Papanicolaou smear use among women aged 21-44 years (%),Nebraska,80.9
Recent Papanicolaou smear use among women aged 21-44 years (%),Nevada,80.1
Recent Papanicolaou smear use among women aged 21-44 years (%),New Hampshire,84.6
Recent Papanicolaou smear use among women aged 21-44 years (%),New Jersey,82.0
Recent Papanicolaou smear use among women aged 21-44 years (%),New Mexico,79.8
Recent Papanicolaou smear use among women aged 21-44 years (%),New York,79.3
Recent Papanicolaou smear use among women aged 21-44 years (%),North Carolina,85.6
Recent Papanicolaou smear use among women aged 21-44 years (%),North Dakota,79.7
Recent Papanicolaou smear use among women aged 21-44 years (%),Ohio,83.3
Recent Papanicolaou smear use among women aged 21-44 years (%),Oklahoma,80.2
Recent Papanicolaou smear use among women aged 21-44 years (%),Oregon,85.3
Recent Papanicolaou smear use among women aged 21-44 years (%),Pennsylvania,82.5
Recent Papanicolaou smear use among women aged 21-44 years (%),Puerto Rico,75.9
Recent Papanicolaou smear use among women aged 21-44 years (%),Rhode Island,86.8
Recent Papanicolaou smear use among women aged 21-44 years (%),South Carolina,86.4
Recent Papanicolaou smear use among women aged 21-44 years (%),South Dakota,86.6
Recent Papanicolaou smear use among women aged 21-44 years (%),Tennessee,88.2
Recent Papanicolaou smear use among women aged 21-44 years (%),Texas,77.7
Recent Papanicolaou smear use among women aged 21-44 years (%),United States,83.6
Recent Papanicolaou smear use among women aged 21-44 years (%),Utah,75.9
Recent Papanicolaou smear use among women aged 21-44 years (%),Vermont,85.8
Recent Papanicolaou smear use among women aged 21-44 years (%),Virgin Islands,82.8
Recent Papanicolaou smear use among women aged 21-44 years (%),Virginia,84.2
Recent Papanicolaou smear use among women aged 21-44 years (%),Washington,78.7
Recent Papanicolaou smear use among women aged 21-44 years (%),West Virginia,83.8
Recent Papanicolaou smear use among women aged 21-44 years (%),Wisconsin,87.0
Recent Papanicolaou smear use among women aged 21-44 years (%),Wyoming,83.8
